{
    "manifestVersion": 1,
    "id": "samples-build-results-enhancer",
    "version": "0.1.23",
    "name": "Fortify Results ",
    "description": "An extension that display fortify issues.",
    "publisher": "RohitbaryhaMF",
    "public": false,
    "icons": {
        "default": "images/logo250x135.jpg"
    },    
    "tags": [
        "Build"
    ],
     "scopes": [
        "vso.build_execute"
    ],
    "categories": [
        "Azure Pipelines"
    ],   
    "targets": [
        {
            "id": "Microsoft.VisualStudio.Services"
        }
    ],
    "files": [
        {
            "path": "images",
            "addressable": true          
        },
        {
            "path": "css",
            "addressable": true          
        },
        {
            "path": "dist",
            "addressable": true,
            "packagePath": "scripts"
        },
        {
            "path": "buildDumpSection.html",
            "addressable": true
        },
        {
            "path": "infoTab.html",
            "addressable": true
        },
        {
            "path": "statusSection.html",
            "addressable": true
        },
        {
            "path": "builtInTaskContribution.html",
            "addressable": true
        },
        {
            "path": "taskContribution.html",
            "addressable": true
        },
        {
            "path": "src/Tasks",
            "addressable": true,
            "packagePath": "Tasks"
        },                  
        {
            "path": "node_modules/vss-web-extension-sdk/lib",
            "addressable": true,
            "packagePath": "lib"
        }        
    ],
    "contributions": [
        {
            "id": "build-info-tab",
            "type": "ms.vss-build-web.build-results-tab",
            "description": "A tab contributing to build results view",
            "targets": [
                "ms.vss-build-web.build-results-view"
            ],
            "properties": {
                "name": "Fortify Scan Result",
                 "uri": "infoTab.html"
            }
        },
        {
            "id": "build-builtin-task-dependent-tab",
            "type": "ms.vss-build-web.build-results-tab",
            "description": "A tab contributing to build results view and depends on Cmdline task",
            "targets": [
                "ms.vss-build-web.build-results-view"
            ],
            "properties": {
                "name": "Cmdline Tab",
                 "uri": "builtInTaskContribution.html",
                 "supportsTasks": ["D9BAFED4-0B18-4F58-968D-86655B4D2CE9"]
            }
        },
        {
            "id": "build-status-section",
            "type": "ms.vss-build-web.build-results-section",
            "description": "A section contributing to our own new tab and also to existing build 'summary' tab",
            "targets": [
                ".build-info-tab",
                "ms.vss-build-web.build-results-summary-tab"
            ],
            "properties": {
                 "name": "Custom Section",
                 "uri": "statusSection.html",
                 "order": 20,
                 "height": 310
            }
        },
        {
            "id": "build-dump-section",
            "type": "ms.vss-build-web.build-results-section",
            "description": "A section contributing to our own new tab",
            "targets": [
                ".build-info-tab"
            ],
            "properties": {
                 "name": "Custom Section 2",
                 "uri": "buildDumpSection.html",
                 "order": 10,
                 "height": 500
            }
        },
        {
            "id": "MyPlainTask1",
            "type": "ms.vss-distributed-task.task",
            "targets": [
                "ms.vss-distributed-task.tasks"
            ],
            "properties": {
                "name": "Tasks/MyPlainTask1"
            }
        },
        {
            "id": "build-contribution-task-dependent-section",
            "type": "ms.vss-build-web.build-results-section",
            "description": "A section depending on myplaintask contributing to our own new tab and also to existing build 'summary' tab",
            "targets": [
                ".build-info-tab",
                "ms.vss-build-web.build-results-summary-tab"
            ],
            "properties": {
                 "name": "MyPlainTaskSection",
                 "uri": "taskContribution.html",
                 "order": 20,
                 "height": 30,
                 "supportsTasks": ["7c939663-33ca-4cb6-9b8c-6e164d446eea"]
            }
        },
        {
            "id": "build-builtin-task-dependent-section",
            "type": "ms.vss-build-web.build-results-section",
            "description": "A section depending on cmdline contributing to our own new tab and also to existing build 'summary' tab",
            "targets": [
                ".build-info-tab",
                "ms.vss-build-web.build-results-summary-tab"
            ],
            "properties": {
                 "name": "CmdLineTaskSection",
                 "uri": "builtInTaskContribution.html",
                 "order": 20,
                 "height": 30,
                 "supportsTasks": ["D9BAFED4-0B18-4F58-968D-86655B4D2CE9"]
            }
        }
    ]
}
