{
    "id": "7c939663-33ca-4cb6-9b8c-6e164d446eea",
    "name": "MyPlainTask1",
    "friendlyName": "MyPlainTask1",
    "description": "Build Enhancer",
    "helpMarkDown": "[More Information](http://go.microsoft.com/fwlink/?LinkID=613724)",
    "category": "Build",
    "visibility": [
                "Build"
                  ],    
    "author": "Micro Focus",
    "version": {
        "Major": 1,
        "Minor": 0,
        "Patch": 0
    },
    "demands" : [
        "msbuild"
    ],
    "minimumAgentVersion": "1.99.0",
    "groups": [
        {
            "name":"advanced",
            "displayName":"Advanced",
            "isExpanded":false
        }
    ],
    "inputs": [
        { 
            "name": "solution", 
            "type": "filePath", 
            "label": "Solution", 
            "defaultValue":"**\\*.sln", 
            "required":true,
            "helpMarkDown": "Relative path from repo root of the solution(s) to run.  Wildcards can be used.  For example, `**\\*.sln` for all sln files in all sub folders."  
        },
        { 
            "name": "platform", 
            "type": "string", 
            "label": "Platform", 
            "defaultValue":"", 
            "required":false
        },
        { 
            "name": "configuration", 
            "type": "string", 
            "label": "Configuration", 
            "defaultValue":"", 
            "required":false 
        },
        { 
            "name": "msbuildArguments", 
            "type": "string", 
            "label": "MSBuild Arguments", 
            "defaultValue":"", 
            "required":false,
            "helpMarkDown": "Additional arguments passed to MSBuild."
        },
        { 
            "name": "clean", 
            "type": "boolean", 
            "label": "Clean", 
            "defaultValue": "false", 
            "required": false 
        },
        { 
            "name": "restoreNugetPackages", 
            "type": "boolean", 
            "label": "Restore NuGet Packages", 
            "defaultValue": "true", 
            "required": false 
        },
        { 
            "name": "logProjectEvents", 
            "type": "boolean", 
            "label": "Record Project Details", 
            "defaultValue": "false", 
            "required": false,
            "groupName":"advanced" 
        },
        {
            "name":"msbuildLocationMethod",
            "type":"radio",
            "label":"MSBuild",
            "required":false,
            "groupName":"advanced",
            "defaultValue":"version",
            "options": {
                "version":"Version",
                "location":"Specify Location"
            }   
        },
        {
            "name":"msbuildVersion",
            "type":"pickList",
            "label":"MSBuild Version",
            "required":false,
            "groupName":"advanced",
            "defaultValue":"14.0",
            "helpMarkDown": "If the preferred version cannot be found, the latest version found will be used instead.",
            "visibleRule": "msbuildLocationMethod = version",
            "options": {
                "latest":"Latest",
                "14.0":"MSBuild 14.0",
                "12.0":"MSBuild 12.0",
                "4.0":"MSBuild 4.0"
            }
        },
        { 
            "name": "msbuildArchitecture", 
            "type": "pickList", 
            "label": "MSBuild Architecture", 
            "defaultValue":"x86", 
            "required":false,
            "helpMarkDown": "Optionally supply the architecture (x86, x64) of MSBuild to run.",
            "groupName":"advanced",
            "visibleRule": "msbuildLocationMethod = version",
            "options":{
                "x86":"MSBuild x86",
                "x64":"MSBuild x64"
            }
        },
        { 
            "name": "msbuildLocation", 
            "type": "string", 
            "label": "Path to MSBuild", 
            "defaultValue":"", 
            "required":false,
            "helpMarkDown": "Optionally supply the path to MSBuild.",  
            "visibleRule": "msbuildLocationMethod = location",
            "groupName":"advanced"
        }
    ],
    "instanceNameFormat": "Build solution $(solution)",
    "execution": {
        "PowerShell": {
            "target": "$(currentDirectory)\\MSBuild.ps1",
            "argumentFormat": "",
            "workingDirectory": "$(currentDirectory)"
        }
    }
}
